{
  "user_id": "terminal_user_16054e41",
  "session_id": "terminal_user_16054e41_e1f8e767_1750163013",
  "conversation": [
    {
      "timestamp": "2025-06-17T22:23:38.814862",
      "user": "hi",
      "kumora": "Hello there!  It's lovely to meet you. What's been on your mind lately?\n. I'm here to listen and support you through this.",
      "metadata": {
        "emotion_analysis": {
          "detected_emotions": [
            "Improved mood",
            "Hopefulness",
            "Renewed energy",
            "Optimism",
            "Productivity",
            "Clarity",
            "Confidence",
            "High energy",
            "Sociability",
            "Empowerment",
            "Motivation"
          ],
          "emotion_scores": {
            "Mood swings": 0.013222684152424335,
            "Irritability": 0.001616933266632259,
            "Anxiety": 0.005022319965064526,
            "Sadness": 0.001882181502878666,
            "Tearfulness": 0.0023574514780193567,
            "Anger or frustration": 0.0009375360677950084,
            "Emotional sensitivity": 0.03161618113517761,
            "Feeling overwhelmed": 0.0023898498620837927,
            "Low self-esteem": 0.0023594675585627556,
            "Loneliness or Isolation": 0.00364435906521976,
            "Restlessness": 0.006465241312980652,
            "Sensitivity to rejection": 0.010150471702218056,
            "Physical discomfort": 0.0036298558115959167,
            "Improved mood": 0.9039509892463684,
            "Hopefulness": 0.9055516123771667,
            "Renewed energy": 0.9590786099433899,
            "Optimism": 0.9049102067947388,
            "Productivity": 0.9529713988304138,
            "Clarity": 0.9619685411453247,
            "Feeling in control": 0.12616883218288422,
            "Confidence": 0.8044649362564087,
            "High energy": 0.9491204023361206,
            "Sociability": 0.8256417512893677,
            "Attractiveness": 0.010038181208074093,
            "Empowerment": 0.8381613492965698,
            "Sexual drive": 0.008587864227592945,
            "Motivation": 0.957661509513855
          },
          "primary_emotion": "Clarity",
          "emotional_intensity": 0.9057710279117931,
          "emotional_valence": "positive",
          "emotional_confidence": 0.9057710766792297,
          "total_emotions": 11,
          "raw_probabilities": [
            0.013222684152424335,
            0.001616933266632259,
            0.005022319965064526,
            0.001882181502878666,
            0.0023574514780193567,
            0.0009375360677950084,
            0.03161618113517761,
            0.0023898498620837927,
            0.0023594675585627556,
            0.00364435906521976,
            0.006465241312980652,
            0.010150471702218056,
            0.0036298558115959167,
            0.9039509892463684,
            0.9055516123771667,
            0.9590786099433899,
            0.9049102067947388,
            0.9529713988304138,
            0.9619685411453247,
            0.12616883218288422,
            0.8044649362564087,
            0.9491204023361206,
            0.8256417512893677,
            0.010038181208074093,
            0.8381613492965698,
            0.008587864227592945,
            0.957661509513855
          ]
        },
        "support_type": "neutral",
        "model_used": "gemini-1.5-flash-latest",
        "generation_time": 0.6246609687805176,
        "total_time": 1.8515727519989014,
        "cached": false,
        "fallback_triggered": false,
        "prompt_tokens": 404,
        "completion_tokens": 22
      }
    },
    {
      "timestamp": "2025-06-17T22:23:49.564373",
      "user": "How are you?",
      "kumora": "That's so kind of you to ask.  It's lovely to connect with you.  I am here, ready to listen with an open heart and offer whatever support I can.  Your sensitivity and depth of feeling are strengths, truly. They allow you to experience the world in such a rich and meaningful way. What's been weighing on your heart, or what would you like to share today?  I'm all ears, and I want to make sure you feel heard and understood.\n.",
      "metadata": {
        "emotion_analysis": {
          "detected_emotions": [
            "Mood swings",
            "Emotional sensitivity"
          ],
          "emotion_scores": {
            "Mood swings": 0.6509454846382141,
            "Irritability": 0.0024811953771859407,
            "Anxiety": 0.03816830366849899,
            "Sadness": 0.022179177030920982,
            "Tearfulness": 0.03442976996302605,
            "Anger or frustration": 0.005165998358279467,
            "Emotional sensitivity": 0.8010191321372986,
            "Feeling overwhelmed": 0.07994258403778076,
            "Low self-esteem": 0.01821073517203331,
            "Loneliness or Isolation": 0.008679324761033058,
            "Restlessness": 0.01947113871574402,
            "Sensitivity to rejection": 0.018219666555523872,
            "Physical discomfort": 0.0016720917774364352,
            "Improved mood": 0.004037375561892986,
            "Hopefulness": 0.009443437680602074,
            "Renewed energy": 0.01685919798910618,
            "Optimism": 0.016043735668063164,
            "Productivity": 0.015516789630055428,
            "Clarity": 0.01783447526395321,
            "Feeling in control": 0.003279527183622122,
            "Confidence": 0.07967210561037064,
            "High energy": 0.007693550083786249,
            "Sociability": 0.052395936101675034,
            "Attractiveness": 0.03410462662577629,
            "Empowerment": 0.02874603495001793,
            "Sexual drive": 0.01316179521381855,
            "Motivation": 0.014102920889854431
          },
          "primary_emotion": "Emotional sensitivity",
          "emotional_intensity": 0.7259823083877563,
          "emotional_valence": "negative",
          "emotional_confidence": 0.7259823083877563,
          "total_emotions": 2,
          "raw_probabilities": [
            0.6509454846382141,
            0.0024811953771859407,
            0.03816830366849899,
            0.022179177030920982,
            0.03442976996302605,
            0.005165998358279467,
            0.8010191321372986,
            0.07994258403778076,
            0.01821073517203331,
            0.008679324761033058,
            0.01947113871574402,
            0.018219666555523872,
            0.0016720917774364352,
            0.004037375561892986,
            0.009443437680602074,
            0.01685919798910618,
            0.016043735668063164,
            0.015516789630055428,
            0.01783447526395321,
            0.003279527183622122,
            0.07967210561037064,
            0.007693550083786249,
            0.052395936101675034,
            0.03410462662577629,
            0.02874603495001793,
            0.01316179521381855,
            0.014102920889854431
          ]
        },
        "support_type": "conversational_inquiry",
        "model_used": "gemini-1.5-flash-latest",
        "generation_time": 1.1806755065917969,
        "total_time": 2.361976146697998,
        "cached": false,
        "fallback_triggered": false,
        "prompt_tokens": 370,
        "completion_tokens": 104
      }
    },
    {
      "timestamp": "2025-06-17T22:24:17.700155",
      "user": "I am feeling so much pain due to stress",